support,itemsets,itemset_size
0.02676412398329303,15036,1
0.02346669597713783,15056BL,1
0.02816553088590899,15056N,1
0.012282919322928116,15060B,1
0.011348648054517477,16156S,1
0.012063090789184437,16161P,1
0.015910090129698833,16237,1
0.012337876456364036,17003,1
0.012722576390415475,20674,1
0.019015168168828315,20675,1
0.02654429544954935,20676,1
0.020883710705649594,20677,1
0.019619696636623433,20679,1
0.016129918663442516,20682,1
0.047208177621455266,20685,1
0.02890745218729391,20711,1
0.038744779072323585,20712,1
0.03583205100021983,20713,1
0.020773796438777754,20717,1
0.03330402286216751,20718,1
0.043196306880633105,20719,1
0.03789294350406683,20723,1
0.05591888327104858,20724,1
0.08394702132336777,20725,1
0.0528138052319191,20726,1
0.06443723895361618,20727,1
0.05668828313915146,20728,1
0.020966146405803472,20749,1
0.024923060013189714,20750,1
0.012914926357441197,20751,1
0.023356781710265992,20754,1
0.016679489997801715,20828,1
0.013217190591338756,20829,1
0.05547922620356122,20914,1
0.014096504726313476,20961,1
0.013986590459441636,20963,1
0.011540998021543196,20966,1
0.016844361398109475,20969,1
0.015745218729391074,20970,1
0.03140800175862827,20971,1
0.038305122004836226,20972,1
0.018080896900417674,20973,1
0.022559903275445152,20974,1
0.024675752912728072,20975,1
0.013327104858210596,20977,1
0.015305561661903715,20978,1
0.019454825236315674,20979,1
0.014096504726313476,20981,1
0.015827654429544955,20982,1
0.017613761266212353,20983,1
0.011870740822158716,20992,1
0.015745218729391074,21033,1
0.05149483402945702,21034,1
0.02550010991426687,21035,1
0.014371290393493075,21041,1
0.010963948120466036,21042,1
0.010222026819081118,21068,1
0.012942404924159157,21071,1
0.020334139371290392,21078,1
0.05828204000879314,21080,1
0.023109474609804354,21086,1
0.02703890965047263,21094,1
0.016239832930314356,21098,1
0.016816882831391513,21108,1
0.013464497691800395,21114,1
0.011815783688722796,21115,1
0.014646076060672676,21116,1
0.023933831611343152,21121,1
0.022175203341393713,21122,1
0.017256539898878875,21124,1
0.011101340954055837,21135,1
0.020306660804572434,21136,1
0.016706968564519673,21137,1
0.024785667179599912,21154,1
0.02648933831611343,21155,1
0.025527588480984832,21156,1
0.019784568036931193,21164,1
0.02651681688283139,21165,1
0.03901956473950319,21166,1
0.021158496372829193,21169,1
0.02651681688283139,21172,1
0.03116069465816663,21174,1
0.04550450648494175,21175,1
0.013876676192569796,21179,1
0.049351505825456145,21181,1
0.010084633985491316,21186,1
0.03184765882611563,21210,1
0.08562321389316334,21212,1
0.040585843042426906,21213,1
0.021900417674214114,21216,1
0.025472631347548912,21217,1
0.024620795779292153,21218,1
0.040668278742580784,21231,1
0.06674543855792482,21232,1
0.024785667179599912,21238,1
0.020608925038469995,21239,1
0.021131017806111232,21240,1
0.018053418333699715,21242,1
0.013821719059133876,21243,1
0.012227962189492196,21244,1
0.014563640360518795,21257,1
0.014233897559903275,21258,1
0.017970982633545834,21259,1
0.014618597493954714,21260,1
0.011348648054517477,21313,1
0.02907232358760167,21314,1
0.017476368432622555,21326,1
0.013574411958672235,21327,1
0.017668718399648273,21328,1
0.015250604528467795,21329,1
0.011046383820619916,21340,1
0.011018905253901956,21363,1
0.017861068366673994,21380,1
0.014618597493954714,21381,1
0.018960211035392395,21385,1
0.016129918663442516,21390,1
0.012447790723235876,21407,1
0.017146625632007036,21411,1
0.012667619256979555,21428,1
0.02734117388437019,21429,1
0.022230160474829633,21430,1
0.011211255220927677,21452,1
0.02550010991426687,21479,1
0.02882501648714003,21481,1
0.02374148164431743,21484,1
0.03800285777093867,21485,1
0.013766761925697956,21494,1
0.010167069685645196,21495,1
0.013272147724774676,21497,1
0.021872939107496152,21498,1
0.012612662123543636,21499,1
0.013491976258518355,21500,1
0.018273246867443395,21506,1
0.016047482963288635,21507,1
0.014865904594416356,21508,1
0.017256539898878875,21509,1
0.015195647395031875,21519,1
0.03077599472411519,21523,1
0.03157287315893603,21524,1
0.022752253242470873,21527,1
0.021323367773136953,21531,1
0.026214552648933832,21533,1
0.03044625192349967,21535,1
0.019454825236315674,21539,1
0.013821719059133876,21544,1
0.021021103539239392,21558,1
0.03349637282919323,21559,1
0.014343811826775115,21561,1
0.012722576390415475,21577,1
0.010441855352824797,21578,1
0.010029676852055396,21591,1
0.013079797757748956,21592,1
0.03509012969883491,21621,1
0.017201582765442956,21622,1
0.014426247526928995,21623,1
0.011046383820619916,21624,1
0.014206418993185315,21658,1
0.022669817542316992,21668,1
0.02209276764123983,21669,1
0.021048582105957354,21670,1
0.019949439437238953,21671,1
0.022340074741701473,21672,1
0.020938667839085514,21673,1
0.010167069685645196,21679,1
0.014426247526928995,21700,1
0.015415475928775554,21703,1
0.015580347329083316,21704,1
0.010689162453286436,21713,1
0.014316333260057155,21714,1
0.013354583424928556,21715,1
0.013601890525390195,21716,1
0.012805012090569355,21718,1
0.041932292811606944,21731,1
0.048224884590019786,21733,1
0.013272147724774676,21745,1
0.013409540558364475,21746,1
0.056633326005715544,21754,1
0.046493734886788304,21755,1
0.015882611562980875,21756,1
0.017778632666520116,21770,1
0.010112112552209276,21774,1
0.010084633985491316,21777,1
0.012365355023081996,21786,1
0.012640140690261596,21787,1
0.05179709826335458,21790,1
0.03605187953396351,21791,1
0.010469333919542757,21811,1
0.011238733787645637,21829,1
0.012612662123543636,21832,1
0.012118047922620357,21833,1
0.04179489997801715,21843,1
0.013546933391954275,21844,1
0.011293690921081557,21864,1
0.012447790723235876,21866,1
0.024181138711804794,21868,1
0.017311497032314795,21870,1
0.021323367773136953,21871,1
0.016899318531545394,21874,1
0.011376126621235437,21875,1
0.017091668498571116,21876,1
0.020718839305341834,21877,1
0.011046383820619916,21878,1
0.022642338975599034,21888,1
0.03080347329083315,21889,1
0.014975818861288195,21890,1
0.02277973180918883,21891,1
0.022477467575291274,21892,1
0.017091668498571116,21899,1
0.02294460320949659,21900,1
0.018905253901956475,21901,1
0.013024840624313036,21902,1
0.011183776654209717,21903,1
0.011650912288415036,21906,1
0.021158496372829193,21907,1
0.02676412398329303,21908,1
0.02272477467575291,21912,1
0.02646185974939547,21914,1
0.02789074521872939,21915,1
0.019564739503187514,21916,1
0.012832490657287315,21917,1
0.021598153440316552,21918,1
0.010551769619696637,21922,1
0.042262035612222464,21928,1
0.0442954495493515,21929,1
0.03618927236755331,21930,1
0.06391514618597494,21931,1
0.017806111233238074,21932,1
0.017119147065289074,21933,1
0.019867003737085075,21934,1
0.025307759947241153,21935,1
0.02868762365355023,21936,1
0.018025939766981754,21937,1
0.019867003737085075,21955,1
0.013134754891184876,21967,1
0.022202681908111675,21974,1
0.03577709386678391,21975,1
0.026104638382061993,21976,1
0.0547373049021763,21977,1
0.018575511101340952,21980,1
0.015140690261595955,21981,1
0.019674653770059353,21982,1
0.011870740822158716,21984,1
0.02522532424708727,21985,1
0.012887447790723237,21986,1
0.010579248186414597,21987,1
0.011431083754671357,21988,1
0.017970982633545834,21989,1
0.013656847658826115,21990,1
0.018025939766981754,21992,1
0.015855132996262913,21993,1
0.011815783688722796,22023,1
0.012063090789184437,22024,1
0.010057155418773356,22026,1
0.023219388876676194,22027,1
0.013904154759287756,22028,1
0.03022642338975599,22029,1
0.018767861068366674,22030,1
0.017393932732468673,22037,1
0.015140690261595955,22041,1
0.012997362057595076,22045,1
0.019894482303803033,22055,1
0.012557704990107716,22059,1
0.014178940426467355,22061,1
0.019015168168828315,22064,1
0.012475269289953836,22065,1
0.014041547592877556,22072,1
0.012997362057595076,22073,1
0.010276983952517037,22076,1
0.048114970323147946,22077,1
0.013107276324466916,22078,1
0.018767861068366674,22079,1
0.014178940426467355,22080,1
0.02624203121565179,22082,1
0.03846999340514399,22083,1
0.022175203341393713,22084,1
0.05495713343591998,22086,1
0.023027038909650473,22087,1
0.016981754231699276,22088,1
0.015140690261595955,22089,1
0.04668608485381402,22090,1
0.010139591118927236,22107,1
0.017641239832930315,22109,1
0.014041547592877556,22110,1
0.04624642778632666,22111,1
0.047070784787865465,22112,1
0.02725873818421631,22113,1
0.04336117828094087,22114,1
0.013739283358979995,22115,1
0.010084633985491316,22120,1
0.012035612222466477,22121,1
0.011595955154979116,22130,1
0.019015168168828315,22131,1
0.010661683886568477,22132,1
0.052099362497252145,22138,1
0.0573477687403825,22139,1
0.015717740162673115,22141,1
0.013821719059133876,22142,1
0.019262475269289953,22144,1
0.03107825895801275,22147,1
0.03792042207078479,22149,1
0.02574741701472851,22150,1
0.019482303803033632,22151,1
0.015965047263134757,22156,1
0.019647175203341395,22158,1
0.013437019125082435,22161,1
0.019180039569136074,22169,1
0.015662783029237196,22170,1
0.017970982633545834,22171,1
0.02728621675093427,22173,1
0.015278083095185755,22174,1
0.04954385579248186,22178,1
0.015552868762365356,22179,1
0.011211255220927677,22180,1
0.012667619256979555,22185,1
0.015497911628929434,22188,1
0.03561222246647615,22189,1
0.017009232798417234,22191,1
0.014893383161134316,22192,1
0.016871839964827436,22193,1
0.022285117608265553,22195,1
0.026956473950318752,22196,1
0.06259617498351286,22197,1
0.017723675533084193,22198,1
0.011101340954055837,22199,1
0.010771598153440316,22203,1
0.013107276324466916,22207,1
0.011898219388876675,22208,1
0.022752253242470873,22212,1
0.03157287315893603,22219,1
0.011018905253901956,22222,1
0.010991426687183996,22224,1
0.017613761266212353,22227,1
0.011513519454825236,22236,1
0.012997362057595076,22241,1
0.010112112552209276,22242,1
0.010634205319850517,22243,1
0.011843262255440756,22244,1
0.011321169487799517,22245,1
0.021625632007034514,22271,1
0.022230160474829633,22273,1
0.018025939766981754,22274,1
0.010222026819081118,22276,1
0.010496812486260717,22278,1
0.010469333919542757,22283,1
0.02363156737744559,22294,1
0.019372389536161792,22295,1
0.022862167509342713,22296,1
0.026626731149703233,22297,1
0.014398768960211035,22300,1
0.017668718399648273,22301,1
0.010854033853594196,22302,1
0.014783468894262476,22303,1
0.010634205319850517,22315,1
0.010661683886568477,22318,1
0.038195207737964386,22326,1
0.017723675533084193,22327,1
0.03165530885908991,22328,1
0.016761925697955593,22329,1
0.012008133655748517,22331,1
0.010469333919542757,22332,1
0.019042646735546273,22333,1
0.013986590459441636,22335,1
0.02629698834908771,22348,1
0.010002198285337436,22349,1
0.03069355902396131,22352,1
0.013546933391954275,22353,1
0.04767531325566059,22355,1
0.043526049681248624,22356,1
0.012667619256979555,22357,1
0.016597054297647833,22358,1
0.011650912288415036,22360,1
0.013629369092108155,22361,1
0.012173005056056277,22365,1
0.015580347329083316,22366,1
0.03176522312596175,22367,1
0.018520553967905033,22371,1
0.011788305122004836,22374,1
0.011925697955594635,22377,1
0.014975818861288195,22378,1
0.043058914047043303,22379,1
0.018905253901956475,22380,1
0.030198944823038032,22381,1
0.05916135414376786,22382,1
0.0658661244229501,22383,1
0.05773246867443394,22384,1
0.03426577269729611,22385,1
0.06157946801494834,22386,1
0.011815783688722796,22398,1
0.06017806111233238,22411,1
0.011046383820619916,22412,1
0.024181138711804794,22413,1
0.03028138052319191,22417,1
0.016047482963288635,22418,1
0.013959111892723676,22419,1
0.011128819520773797,22421,1
0.10614970323147944,22423,1
0.020279182237854472,22424,1
0.010222026819081118,22426,1
0.021735546273906354,22427,1
0.017119147065289074,22429,1
0.017009232798417234,22431,1
0.014206418993185315,22432,1
0.011568476588261156,22433,1
0.014673554627390636,22435,1
0.012173005056056277,22437,1
0.012969883490877116,22441,1
0.012392833589799956,22444,1
0.02272477467575291,22456,1
0.05580896900417674,22457,1
0.010304462519234997,22460,1
0.021460760606726755,22464,1
0.012612662123543636,22465,1
0.010826555286876236,22466,1
0.02970433062211475,22467,1
0.011321169487799517,22468,1
0.05883161134315234,22469,1
0.0535007693998681,22470,1
0.011458562321389316,22485,1
0.02453836007913827,22487,1
0.022120246207957793,22488,1
0.021543196306880633,22489,1
0.010689162453286436,22491,1
0.020059353704110792,22492,1
0.011403605187953397,22493,1
0.012805012090569355,22494,1
0.010331941085952957,22498,1
0.02124093207298307,22499,1
0.020856232138931632,22501,1
0.02500549571334359,22502,1
0.020389096504726312,22505,1
0.024730710046163992,22507,1
0.019125082435700155,22508,1
0.010139591118927236,22520,1
0.010167069685645196,22521,1
0.015113211694877995,22528,1
0.012859969224005277,22530,1
0.011156298087491757,22531,1
0.016020004396570676,22534,1
0.011760826555286876,22548,1
0.019509782369751594,22549,1
0.011678390855132996,22550,1
0.035694658166630026,22551,1
0.02995163772257639,22553,1
0.03503517256539899,22554,1
0.02654429544954935,22555,1
0.03286436579468015,22556,1
0.03091338755770499,22557,1
0.03286436579468015,22558,1
0.020279182237854472,22560,1
0.024840624313035832,22561,1
0.010799076720158276,22562,1
0.014646076060672676,22563,1
0.013766761925697956,22567,1
0.024043745878214992,22568,1
0.021543196306880633,22569,1
0.022175203341393713,22570,1
0.014041547592877556,22571,1
0.011128819520773797,22573,1
0.011376126621235437,22574,1
0.022862167509342713,22577,1
0.021076060672675312,22578,1
0.015195647395031875,22579,1
0.013491976258518355,22580,1
0.010441855352824797,22581,1
0.016157397230160474,22584,1
0.02970433062211475,22585,1
0.013244669158056716,22588,1
0.011403605187953397,22593,1
0.011321169487799517,22594,1
0.021845460540778194,22595,1
0.012035612222466477,22596,1
0.011788305122004836,22600,1
0.011458562321389316,22601,1
0.014701033194108596,22602,1
0.010661683886568477,22603,1
0.017503846999340513,22605,1
0.010194548252363156,22606,1
0.020279182237854472,22607,1
0.010112112552209276,22614,1
0.022449989008573312,22616,1
0.02585733128160035,22617,1
0.019372389536161792,22619,1
0.023109474609804354,22620,1
0.023961310178061114,22621,1
0.015470433062211474,22622,1
0.014865904594416356,22623,1
0.03335897999560343,22624,1
0.02591228841503627,22625,1
0.017943504066827876,22627,1
0.03756320070345131,22629,1
0.03662892943504067,22630,1
0.018190811167289513,22631,1
0.021350846339854915,22632,1
0.023494174543855793,22633,1
0.013574411958672235,22634,1
0.013299626291492636,22635,1
0.013354583424928556,22636,1
0.016239832930314356,22637,1
0.016706968564519673,22644,1
0.020361617938008354,22645,1
0.024071224444932954,22646,1
0.013327104858210596,22649,1
0.022807210375906793,22652,1
0.010469333919542757,22653,1
0.016377225763904154,22654,1
0.029292152121345352,22659,1
0.017338975599032753,22661,1
0.02728621675093427,22662,1
0.018905253901956475,22663,1
0.019289953836007914,22665,1
0.04539459221806991,22666,1
0.023219388876676194,22667,1
0.015910090129698833,22668,1
0.012035612222466477,22669,1
0.011678390855132996,22670,1
0.010139591118927236,22672,1
0.011870740822158716,22690,1
0.016597054297647833,22692,1
0.02346669597713783,22694,1
0.037151022202681905,22697,1
0.02824796658606287,22698,1
0.03901956473950319,22699,1
0.013959111892723676,22712,1
0.010112112552209276,22713,1
0.012282919322928116,22716,1
0.03781050780391295,22720,1
0.022697296109034953,22722,1
0.015030775994724115,22725,1
0.03478786546493735,22726,1
0.03742580786986151,22727,1
0.02659925258298527,22728,1
0.016816882831391513,22729,1
0.020444053638162235,22730,1
0.020608925038469995,22734,1
0.011211255220927677,22736,1
0.013546933391954275,22737,1
0.013684326225544075,22738,1
0.016514618597493955,22739,1
0.019317432402725872,22745,1
0.015497911628929434,22746,1
0.011046383820619916,22747,1
0.020389096504726312,22748,1
0.018795339635084635,22749,1
0.017778632666520116,22750,1
0.012805012090569355,22751,1
0.018960211035392395,22752,1
0.011101340954055837,22753,1
0.013519454825236315,22754,1
0.013711804792262035,22755,1
0.021845460540778194,22759,1
0.017531325566058475,22766,1
0.013986590459441636,22771,1
0.018932732468674433,22776,1
0.010057155418773356,22784,1
0.011788305122004836,22791,1
0.013629369092108155,22795,1
0.018383161134315235,22804,1
0.010414376786106837,22809,1
0.012667619256979555,22812,1
0.010222026819081118,22813,1
0.011925697955594635,22816,1
0.011101340954055837,22818,1
0.016212354363596394,22834,1
0.027753352385139592,22835,1
0.012282919322928116,22837,1
0.010963948120466036,22840,1
0.013656847658826115,22844,1
0.010799076720158276,22845,1
0.013024840624313036,22847,1
0.014316333260057155,22851,1
0.011678390855132996,22855,1
0.03327654429544955,22865,1
0.02970433062211475,22866,1
0.02896240932072983,22867,1
0.011266212354363597,22895,1
0.010084633985491316,22896,1
0.012942404924159157,22898,1
0.011540998021543196,22899,1
0.019812046603649155,22900,1
0.012695097823697515,22904,1
0.012200483622774237,22906,1
0.02277973180918883,22907,1
0.013327104858210596,22908,1
0.02984172345570455,22909,1
0.038964607606067264,22910,1
0.016074961530006596,22940,1
0.013244669158056716,22941,1
0.017393932732468673,22951,1
0.03129808749175643,22952,1
0.03179270169267971,22960,1
0.03264453726093647,22961,1
0.011211255220927677,22964,1
0.020031875137392834,22966,1
0.019317432402725872,22969,1
0.010469333919542757,22979,1
0.015113211694877995,22983,1
0.012090569355902397,22988,1
0.010194548252363156,22989,1
0.02942954495493515,22993,1
0.011211255220927677,22996,1
0.014673554627390636,22998,1
0.02651681688283139,23084,1
0.010029676852055396,23103,1
0.010139591118927236,23108,1
0.012200483622774237,23170,1
0.010441855352824797,23171,1
0.011403605187953397,23173,1
0.011898219388876675,23182,1
0.012887447790723237,23198,1
0.026846559683446913,23199,1
0.016322268630468234,23200,1
0.024840624313035832,23201,1
0.024153660145086832,23202,1
0.03379863706309079,23203,1
0.016020004396570676,23204,1
0.012832490657287315,23205,1
0.028440316553088592,23206,1
0.020306660804572434,23207,1
0.018300725434161353,23208,1
0.03011650912288415,23209,1
0.014673554627390636,23240,1
0.012914926357441197,23243,1
0.02390635304462519,23245,1
0.010112112552209276,23256,1
0.012227962189492196,23263,1
0.019619696636623433,23284,1
0.015113211694877995,23293,1
0.012200483622774237,23295,1
0.010359419652670917,23296,1
0.03138052319191031,23298,1
0.020801275005495713,23300,1
0.02506045284677951,23301,1
0.017256539898878875,23307,1
0.010469333919542757,23308,1
0.011183776654209717,23309,1
0.010963948120466036,23313,1
0.010331941085952957,23318,1
0.011073862387337876,23319,1
0.017284018465596834,23321,1
0.015415475928775554,23322,1
0.011046383820619916,23328,1
0.013024840624313036,23343,1
0.019592218069905475,23344,1
0.021378324906572873,23355,1
0.013052319191030996,23356,1
0.010908990987030116,23439,1
0.011376126621235437,23493,1
0.011376126621235437,35400,1
0.017503846999340513,35961,1
0.018987689602110353,35970,1
0.013491976258518355,37370,1
0.011156298087491757,37446,1
0.014481204660364915,37448,1
0.012969883490877116,37449,1
0.010744119586722356,37450,1
0.014316333260057155,37503,1
0.010057155418773356,46000S,1
0.012282919322928116,47556B,1
0.019234996702571994,47559B,1
0.07276324466915805,47566,1
0.020828753572213674,47566B,1
0.011266212354363597,47568,1
0.018712903934930754,47590A,1
0.023933831611343152,47590B,1
0.03127060892503847,47591D,1
0.010084633985491316,47599A,1
0.019757089470213235,48111,1
0.013464497691800395,48116,1
0.014920861727852276,48129,1
0.045009892284018464,48138,1
0.013546933391954275,48173C,1
0.023329303143548034,48184,1
0.027011431083754672,48185,1
0.03506265113211695,48187,1
0.019152561002418113,48188,1
0.03701362936909211,48194,1
0.010331941085952957,51014A,1
0.019867003737085075,71053,1
0.02767091668498571,71459,1
0.021817981974060232,71477,1
0.010908990987030116,72351A,1
0.013574411958672235,72351B,1
0.024978017146625633,72741,1
0.013437019125082435,72760B,1
0.011953176522312595,79000,1
0.010826555286876236,79067,1
0.02992415915585843,79321,1
0.054929654869202024,82482,1
0.03077599472411519,82483,1
0.03214992306001319,82484,1
0.03484282259837327,82486,1
0.05410529786766322,82494L,1
0.020636403605187953,82551,1
0.021735546273906354,82552,1
0.013437019125082435,82567,1
0.019317432402725872,82578,1
0.036711365135194546,82580,1
0.025087931413497473,82581,1
0.021708067707188392,82582,1
0.03225983732688503,82583,1
0.013904154759287756,82599,1
0.03297428006155199,82600,1
0.03135304462519235,84029E,1
0.02767091668498571,84029G,1
0.013327104858210596,84030E,1
0.018190811167289513,84032A,1
0.016404704330622116,84032B,1
0.019509782369751594,84050,1
0.02778083095185755,84077,1
0.012942404924159157,84270,1
0.020526489338316113,84347,1
0.021763024840624312,84375,1
0.03423829413057815,84378,1
0.03058364475708947,84380,1
0.022972081776214553,84406B,1
0.011101340954055837,84509A,1
0.013024840624313036,84510A,1
0.019839525170367113,84520B,1
0.016789404264673555,84536A,1
0.010963948120466036,84536B,1
0.012145526489338317,84580,1
0.019921960870520995,84596B,1
0.016487140030775994,84596F,1
0.03080347329083315,84692,1
0.03434820839744999,84755,1
0.014123983293031436,84792,1
0.017311497032314795,84832,1
0.038634864805451745,84836,1
0.010799076720158276,84839,1
0.07683007254341613,84879,1
0.010194548252363156,84880,1
0.017723675533084193,84945,1
0.0482798417234557,84946,1
0.018190811167289513,84947,1
0.018877775335238513,84949,1
0.02959441635524291,84970L,1
0.03907452187293911,84970S,1
0.012585183556825676,84971S,1
0.03893712903934931,84978,1
0.022285117608265553,84987,1
0.027918223785447352,84988,1
0.05841943284238294,84991,1
0.04009122884150363,84992,1
0.016184875796878436,84997A,1
0.02794570235216531,84997B,1
0.025994724115190153,84997C,1
0.02981424488898659,84997D,1
0.018767861068366674,85014A,1
0.02470323147944603,85014B,1
0.010441855352824797,85038,1
0.010991426687183996,85040A,1
0.014123983293031436,85048,1
0.018300725434161353,85049A,1
0.013739283358979995,85049C,1
0.010991426687183996,85049D,1
0.022807210375906793,85049E,1
0.014014069026159596,85049G,1
0.010386898219388877,85053,1
0.012859969224005277,85061W,1
0.02539019564739503,85066,1
0.10876016706968565,85099B,1
0.0510276983952517,85099C,1
0.050258298527148824,85099F,1
0.14596614640580347,85123A,1
0.03047373049021763,85150,1
0.03998131457463179,85152,1
0.012118047922620357,85175,1
0.013354583424928556,85199S,1
0.012145526489338317,85227,1
0.010551769619696637,85231B,1
0.014728511760826556,85232B,1
0.038882171905913386,DOT,1
0.013079797757748956,M,1
0.046741041987249946,POST,1
0.012227962189492196,15056N | 15056BL,2
0.010881512420312156,15056BL | 20679,2
0.011650912288415036,20676 | 20675,2
0.012640140690261596,20677 | 20675,2
0.010167069685645196,20675 | 21240,2
0.010744119586722356,20677 | 20676,2
0.011018905253901956,21238 | 20676,2
0.010496812486260717,20677 | 21239,2
0.011815783688722796,48138 | 20685,2
0.010249505385799077,20685 | 48194,2
0.012667619256979555,20685 | 85099B,2
0.011898219388876675,20685 | 85123A,2
0.011486040888107276,20712 | 20711,2
0.014728511760826556,21931 | 20711,2
0.012969883490877116,22386 | 20711,2
0.012118047922620357,20711 | 22411,2
0.017174104198724994,20711 | 85099B,2
0.011156298087491757,20711 | 85099C,2
0.013986590459441636,20712 | 20713,2
0.011183776654209717,20712 | 20719,2
0.010249505385799077,20712 | 20724,2
0.011073862387337876,20712 | 20725,2
0.010799076720158276,20712 | 20726,2
0.010579248186414597,20712 | 21928,2
0.011238733787645637,20712 | 21929,2
0.011183776654209717,21930 | 20712,2
0.018575511101340952,20712 | 21931,2
0.010771598153440316,22379 | 20712,2
0.011183776654209717,20712 | 22385,2
0.016322268630468234,22386 | 20712,2
0.014783468894262476,20712 | 22411,2
0.023411738843701912,20712 | 85099B,2
0.012145526489338317,20712 | 85099C,2
0.011156298087491757,85099F | 20712,2
0.012969883490877116,20712 | DOT,2
0.010854033853594196,20713 | 20725,2
0.010276983952517037,21928 | 20713,2
0.017833589799956036,20713 | 21931,2
0.013024840624313036,22386 | 20713,2
0.012502747856671796,20713 | 22411,2
0.021460760606726755,20713 | 85099B,2
0.012914926357441197,20713 | 85099C,2
0.012145526489338317,85099F | 20713,2
0.010496812486260717,20713 | DOT,2
0.010689162453286436,20718 | 20717,2
0.011513519454825236,20718 | 20724,2
0.011458562321389316,20718 | 20725,2
0.010469333919542757,20718 | 21212,2
0.010139591118927236,20718 | 21931,2
0.015580347329083316,20718 | 85099B,2
0.019042646735546273,20719 | 20723,2
0.02544515278083095,20719 | 20724,2
0.014865904594416356,20719 | 20725,2
0.013656847658826115,20726 | 20719,2
0.012722576390415475,20727 | 20719,2
0.011238733787645637,20719 | 20728,2
0.014948340294570235,20719 | 21212,2
0.011266212354363597,20719 | 21232,2
0.010414376786106837,20719 | 21731,2
0.011733347988568916,20719 | 21931,2
0.023027038909650473,22355 | 20719,2
0.020993624972521434,20719 | 22356,2
0.010276983952517037,22382 | 20719,2
0.011953176522312595,22383 | 20719,2
0.011018905253901956,20719 | 22423,2
0.010194548252363156,20719 | 47566,2
0.014783468894262476,20719 | 85099B,2
0.010222026819081118,20719 | 85123A,2
0.010936469553748076,20719 | DOT,2
0.024620795779292153,20724 | 20723,2
0.015278083095185755,20725 | 20723,2
0.011183776654209717,20726 | 20723,2
0.012337876456364036,20727 | 20723,2
0.011513519454825236,20728 | 20723,2
0.012859969224005277,20723 | 21212,2
0.010469333919542757,21931 | 20723,2
0.020361617938008354,22355 | 20723,2
0.020169267970982632,20723 | 22356,2
0.010304462519234997,22382 | 20723,2
0.012008133655748517,22383 | 20723,2
0.010551769619696637,22384 | 20723,2
0.013986590459441636,20723 | 85099B,2
0.010579248186414597,85099F | 20723,2
0.010167069685645196,85123A | 20723,2
0.021076060672675312,20724 | 20725,2
0.013546933391954275,20726 | 20724,2
0.016294790063750276,20727 | 20724,2
0.014206418993185315,20724 | 20728,2
0.010112112552209276,21080 | 20724,2
0.018822818201802594,20724 | 21212,2
0.013959111892723676,21232 | 20724,2
0.010057155418773356,21731 | 20724,2
0.010414376786106837,21929 | 20724,2
0.015030775994724115,21931 | 20724,2
0.012118047922620357,22197 | 20724,2
0.026379424049241592,22355 | 20724,2
0.02959441635524291,20724 | 22356,2
0.011183776654209717,22379 | 20724,2
0.013024840624313036,22382 | 20724,2
0.015607825895801276,22383 | 20724,2
0.013574411958672235,22384 | 20724,2
0.012200483622774237,22386 | 20724,2
0.010496812486260717,20724 | 22411,2
0.011870740822158716,20724 | 22423,2
0.011705869421850956,20724 | 47566,2
0.010936469553748076,20724 | 84991,2
0.022257639041547594,20724 | 85099B,2
0.010222026819081118,20724 | 85099C,2
0.011623433721697076,85099F | 20724,2
0.014426247526928995,85123A | 20724,2
0.011925697955594635,DOT | 20724,2
0.02830292371949879,20726 | 20725,2
0.03302923719498791,20727 | 20725,2
0.02874258078698615,20725 | 20728,2
0.013354583424928556,20725 | 20914,2
0.013272147724774676,21080 | 20725,2
0.021158496372829193,20725 | 21212,2
0.011595955154979116,21213 | 20725,2
0.013656847658826115,21232 | 20725,2
0.010689162453286436,21928 | 20725,2
0.011788305122004836,21929 | 20725,2
0.011018905253901956,21930 | 20725,2
0.018932732468674433,21931 | 20725,2
0.011953176522312595,21936 | 20725,2
0.010908990987030116,21977 | 20725,2
0.012722576390415475,22197 | 20725,2
0.010139591118927236,20725 | 22326,2
0.010276983952517037,20725 | 22352,2
0.017284018465596834,22355 | 20725,2
0.017119147065289074,20725 | 22356,2
0.013299626291492636,22379 | 20725,2
0.02761595955154979,22382 | 20725,2
0.03234227302703891,22383 | 20725,2
0.03176522312596175,22384 | 20725,2
0.010744119586722356,20725 | 22385,2
0.016816882831391513,22386 | 20725,2
0.014783468894262476,20725 | 22411,2
0.013986590459441636,20725 | 22423,2
0.013904154759287756,22662 | 20725,2
0.013382061991646516,23206 | 20725,2
0.012695097823697515,20725 | 23209,2
0.013574411958672235,20725 | 47566,2
0.012502747856671796,20725 | 84991,2
0.030198944823038032,20725 | 85099B,2
0.013656847658826115,20725 | 85099C,2
0.014288854693339195,85099F | 20725,2
0.020361617938008354,85123A | 20725,2
0.010963948120466036,DOT | 20725,2
0.022669817542316992,20727 | 20726,2
0.022587381842163114,20726 | 20728,2
0.012942404924159157,20726 | 21212,2
0.012502747856671796,20726 | 21931,2
0.011211255220927677,20726 | 22326,2
0.013024840624313036,22355 | 20726,2
0.011156298087491757,20726 | 22356,2
0.022862167509342713,22382 | 20726,2
0.022559903275445152,22383 | 20726,2
0.020691360738623873,20726 | 22384,2
0.010386898219388877,22386 | 20726,2
0.011156298087491757,20726 | 22662,2
0.010139591118927236,20726 | 23206,2
0.015580347329083316,20726 | 85099B,2
0.012557704990107716,20726 | 85123A,2
0.024291052978676633,20727 | 20728,2
0.014508683227082875,20727 | 21212,2
0.011705869421850956,20727 | 21213,2
0.010414376786106837,20727 | 21232,2
0.012667619256979555,20727 | 21930,2
0.014563640360518795,20727 | 21931,2
0.010524291052978677,20727 | 22197,2
0.014728511760826556,22355 | 20727,2
0.013574411958672235,20727 | 22356,2
0.02475818861288195,20727 | 22382,2
0.027808309518575512,20727 | 22383,2
0.026214552648933832,20727 | 22384,2
0.012337876456364036,20727 | 22386,2
0.010084633985491316,20727 | 22411,2
0.010606726753132557,20727 | 22423,2
0.011733347988568916,20727 | 22662,2
0.011403605187953397,20727 | 23206,2
0.010304462519234997,20727 | 23209,2
0.018493075401187074,20727 | 85099B,2
0.010496812486260717,20727 | 85099C,2
0.010249505385799077,20727 | 85099F,2
0.015278083095185755,20727 | 85123A,2
0.011925697955594635,20728 | 21212,2
0.013079797757748956,21931 | 20728,2
0.013052319191030996,22355 | 20728,2
0.012227962189492196,20728 | 22356,2
0.022532424708727194,22382 | 20728,2
0.025884809848318313,22383 | 20728,2
0.024730710046163992,22384 | 20728,2
0.010936469553748076,22386 | 20728,2
0.011101340954055837,22662 | 20728,2
0.010084633985491316,23206 | 20728,2
0.016569575730929875,20728 | 85099B,2
0.013024840624313036,85123A | 20728,2
0.010112112552209276,21080 | 20914,2
0.015333040228621675,20914 | 21212,2
0.010606726753132557,21232 | 20914,2
0.013821719059133876,20914 | 85099B,2
0.014948340294570235,85123A | 20914,2
0.017943504066827876,20971 | 20972,2
0.011843262255440756,20975 | 20974,2
0.011870740822158716,85123A | 21034,2
0.010414376786106837,21080 | 21078,2
0.015305561661903715,21086 | 21080,2
0.018822818201802594,21094 | 21080,2
0.010799076720158276,21210 | 21080,2
0.020801275005495713,21080 | 21212,2
0.010386898219388877,21080 | 21232,2
0.010029676852055396,21080 | 21931,2
0.011788305122004836,21080 | 21977,2
0.012392833589799956,21080 | 22090,2
0.010661683886568477,21080 | 22423,2
0.010579248186414597,21080 | 47566,2
0.012118047922620357,21080 | 84991,2
0.015635304462519234,21080 | 85099B,2
0.013327104858210596,21080 | 85123A,2
0.010991426687183996,21080 | DOT,2
0.017888546933391956,21094 | 21086,2
0.010057155418773356,21094 | 21212,2
0.011678390855132996,21122 | 21121,2
0.010331941085952957,21124 | 21121,2
0.013409540558364475,21122 | 21124,2
0.014536161793800835,21136 | 84879,2
0.010854033853594196,21154 | 21212,2
0.010881512420312156,21156 | 22367,2
0.010359419652670917,21175 | 21165,2
0.018080896900417674,21175 | 21166,2
0.016047482963288635,21166 | 21181,2
0.011953176522312595,21166 | 85123A,2
0.015058254561442075,21166 | 85152,2
0.010579248186414597,21174 | 85123A,2
0.017888546933391956,21175 | 21181,2
0.010771598153440316,21175 | 21908,2
0.011870740822158716,82600 | 21175,2
0.010084633985491316,21175 | 85099B,2
0.014838426027698396,21175 | 85123A,2
0.010359419652670917,21175 | 85150,2
0.015992525829852715,21175 | 85152,2
0.012310397889646076,82600 | 21181,2
0.010963948120466036,21181 | 85099B,2
0.015140690261595955,21181 | 85123A,2
0.012530226423389756,21181 | 85150,2
0.014646076060672676,21181 | 85152,2
0.016816882831391513,21210 | 21212,2
0.02368652451088151,21213 | 21212,2
0.010908990987030116,21231 | 21212,2
0.017476368432622555,21232 | 21212,2
0.011513519454825236,21731 | 21212,2
0.011018905253901956,21790 | 21212,2
0.012227962189492196,21843 | 21212,2
0.013162233457902836,21931 | 21212,2
0.020663882171905915,21975 | 21212,2
0.015910090129698833,21976 | 21212,2
0.03052868762365355,21977 | 21212,2
0.012530226423389756,22077 | 21212,2
0.011815783688722796,22083 | 21212,2
0.013656847658826115,22090 | 21212,2
0.010799076720158276,22138 | 21212,2
0.010194548252363156,21212 | 22139,2
0.015278083095185755,22197 | 21212,2
0.010771598153440316,22348 | 21212,2
0.015387997362057594,22355 | 21212,2
0.015058254561442075,21212 | 22356,2
0.011925697955594635,22379 | 21212,2
0.011540998021543196,22382 | 21212,2
0.014069026159595516,22383 | 21212,2
0.011678390855132996,22384 | 21212,2
0.010249505385799077,22386 | 21212,2
0.010304462519234997,21212 | 22411,2
0.017009232798417234,22417 | 21212,2
0.018932732468674433,22423 | 21212,2
0.010524291052978677,22666 | 21212,2
0.015305561661903715,47566 | 21212,2
0.011046383820619916,84378 | 21212,2
0.010744119586722356,84380 | 21212,2
0.012227962189492196,84692 | 21212,2
0.010002198285337436,84946 | 21212,2
0.010441855352824797,84988 | 21212,2
0.03289184436139811,84991 | 21212,2
0.02203781050780391,84992 | 21212,2
0.020856232138931632,21212 | 85099B,2
0.010854033853594196,85099F | 21212,2
0.020031875137392834,85123A | 21212,2
0.013299626291492636,DOT | 21212,2
0.013821719059133876,21975 | 21213,2
0.014563640360518795,21213 | 21977,2
0.011623433721697076,21213 | 22417,2
0.016954275664981314,21213 | 84991,2
0.012310397889646076,21213 | 84992,2
0.03047373049021763,21231 | 21232,2
0.010551769619696637,21231 | 22423,2
0.013464497691800395,21231 | 85123A,2
0.010991426687183996,21232 | 21931,2
0.011733347988568916,21977 | 21232,2
0.012035612222466477,22064 | 21232,2
0.011870740822158716,22197 | 21232,2
0.012750054957133435,22355 | 21232,2
0.012173005056056277,21232 | 22356,2
0.014398768960211035,21232 | 22423,2
0.011183776654209717,22646 | 21232,2
0.010826555286876236,21232 | 47566,2
0.014453726093646955,21232 | 84991,2
0.015497911628929434,21232 | 85099B,2
0.020471532204880193,21232 | 85123A,2
0.013299626291492636,DOT | 21232,2
0.012282919322928116,21238 | 21239,2
0.012997362057595076,21238 | 21240,2
0.011403605187953397,21238 | 21242,2
0.014316333260057155,21239 | 21240,2
0.010854033853594196,21314 | 85123A,2
0.010139591118927236,85123A | 21385,2
0.016129918663442516,22111 | 21485,2
0.012612662123543636,21485 | 22112,2
0.010524291052978677,85123A | 21485,2
0.013794240492415916,21531 | 21535,2
0.013052319191030996,21535 | 21533,2
0.010908990987030116,21558 | 21559,2
0.012750054957133435,21559 | 22352,2
0.013656847658826115,21669 | 21668,2
0.011348648054517477,21670 | 21668,2
0.012392833589799956,21668 | 21671,2
0.012035612222466477,21668 | 21672,2
0.010359419652670917,21668 | 21673,2
0.011403605187953397,21669 | 21670,2
0.010689162453286436,21669 | 21671,2
0.010002198285337436,21669 | 21672,2
0.010167069685645196,21669 | 21673,2
0.011183776654209717,21670 | 21671,2
0.010084633985491316,21670 | 21672,2
0.011760826555286876,21670 | 21673,2
0.011705869421850956,21671 | 21672,2
0.010524291052978677,21673 | 21672,2
0.012695097823697515,21731 | 85099B,2
0.012585183556825676,DOT | 21731,2
0.03390855132996263,21733 | 85123A,2
0.02379643877775335,21754 | 21755,2
0.010386898219388877,21754 | 22423,2
0.010908990987030116,21754 | 84879,2
0.020361617938008354,85123A | 21754,2
0.018465596834469113,85123A | 21755,2
0.021048582105957354,21791 | 21790,2
0.013437019125082435,21790 | 21889,2
0.011018905253901956,21790 | 85099B,2
0.012310397889646076,85123A | 21790,2
0.010606726753132557,DOT | 21790,2
0.012805012090569355,21843 | 22423,2
0.010057155418773356,21843 | 85123A,2
0.012832490657287315,21899 | 21900,2
0.011046383820619916,21901 | 21899,2
0.013217190591338756,21901 | 21900,2
0.010057155418773356,21901 | 21902,2
0.010936469553748076,21908 | 85152,2
0.012997362057595076,21915 | 21914,2
0.020801275005495713,21928 | 21929,2
0.010414376786106837,21930 | 21928,2
0.017586282699494395,21928 | 21931,2
0.010139591118927236,21928 | 22385,2
0.017696196966366234,22386 | 21928,2
0.019070125302264235,21928 | 22411,2
0.025197845680369313,21928 | 85099B,2
0.015607825895801276,21928 | 85099C,2
0.014948340294570235,85099F | 21928,2
0.011183776654209717,21930 | 21929,2
0.017998461200263795,21929 | 21931,2
0.017284018465596834,22386 | 21929,2
0.018822818201802594,21929 | 22411,2
0.024978017146625633,21929 | 85099B,2
0.014151461859749396,21929 | 85099C,2
0.015937568696416795,85099F | 21929,2
0.010304462519234997,21929 | 85123A,2
0.018905253901956475,21930 | 21931,2
0.010744119586722356,21930 | 22385,2
0.016129918663442516,21930 | 22386,2
0.013739283358979995,21930 | 22411,2
0.019894482303803033,21930 | 85099B,2
0.013299626291492636,21930 | 85099C,2
0.011128819520773797,21930 | 85099F,2
0.010579248186414597,21931 | 21935,2
0.011760826555286876,22197 | 21931,2
0.016597054297647833,22355 | 21931,2
0.012695097823697515,21931 | 22356,2
0.013656847658826115,22379 | 21931,2
0.011156298087491757,22382 | 21931,2
0.019894482303803033,22383 | 21931,2
0.013464497691800395,22384 | 21931,2
0.017119147065289074,21931 | 22385,2
0.024730710046163992,22386 | 21931,2
0.02464827434601011,21931 | 22411,2
0.010634205319850517,21931 | 22423,2
0.010331941085952957,23199 | 21931,2
0.03638162233457903,21931 | 85099B,2
0.021515717740162674,21931 | 85099C,2
0.020141789404264674,85099F | 21931,2
0.014701033194108596,85123A | 21931,2
0.015497911628929434,DOT | 21931,2
0.010139591118927236,21932 | 21933,2
0.011128819520773797,21935 | 21934,2
0.010579248186414597,22355 | 21935,2
0.011293690921081557,21935 | 85099B,2
0.012777533523851395,DOT | 21935,2
0.012310397889646076,21936 | 85099B,2
0.010634205319850517,21977 | 21974,2
0.010112112552209276,21975 | 21976,2
0.016129918663442516,21975 | 21977,2
0.012502747856671796,21975 | 22417,2
0.018493075401187074,21975 | 84991,2
0.014453726093646955,21975 | 84992,2
0.012750054957133435,21977 | 21976,2
0.012337876456364036,21976 | 84991,2
0.010139591118927236,22197 | 21977,2
0.012145526489338317,21977 | 22417,2
0.013272147724774676,21977 | 22423,2
0.02544515278083095,21977 | 84991,2
0.017503846999340513,21977 | 84992,2
0.012942404924159157,21977 | 85099B,2
0.013382061991646516,21977 | 85123A,2
0.010359419652670917,DOT | 21977,2
0.011321169487799517,22029 | 22027,2
0.012310397889646076,22423 | 22077,2
0.010112112552209276,22077 | 85099B,2
0.012310397889646076,85123A | 22077,2
0.010799076720158276,22086 | 22083,2
0.011898219388876675,22083 | 22090,2
0.010112112552209276,22086 | 22197,2
0.010771598153440316,22086 | 22909,2
0.023054517476368434,22086 | 22910,2
0.011815783688722796,22086 | 22952,2
0.010936469553748076,22086 | 85123A,2
0.012200483622774237,22090 | 47566,2
0.011925697955594635,22090 | 85099B,2
0.010881512420312156,DOT | 22090,2
0.017009232798417234,22111 | 22112,2
0.013327104858210596,22114 | 22111,2
0.010414376786106837,22111 | 84029E,2
0.012035612222466477,22111 | 85123A,2
0.021323367773136953,22114 | 22112,2
0.016816882831391513,22835 | 22112,2
0.011513519454825236,85123A | 22112,2
0.012118047922620357,22114 | 22835,2
0.010084633985491316,22114 | 84029E,2
0.010496812486260717,22114 | 85123A,2
0.014398768960211035,22138 | 22139,2
0.015635304462519234,22617 | 22138,2
0.010029676852055396,85099B | 22139,2
0.012063090789184437,85123A | 22139,2
0.013107276324466916,22149 | 22147,2
0.010276983952517037,22150 | 22149,2
0.010386898219388877,85123A | 22173,2
0.010991426687183996,22178 | 22423,2
0.012310397889646076,22178 | 84946,2
0.010441855352824797,22178 | 85099B,2
0.015745218729391074,22178 | 85123A,2
0.010249505385799077,22178 | DOT,2
0.015992525829852715,85123A | 22189,2
0.012420312156517916,22195 | 22196,2
0.011321169487799517,22196 | DOT,2
0.012118047922620357,22198 | 22197,2
0.011376126621235437,22355 | 22197,2
0.010276983952517037,22197 | 22356,2
0.011403605187953397,22383 | 22197,2
0.010112112552209276,22197 | 22411,2
0.012310397889646076,22197 | 22423,2
0.010002198285337436,22197 | 22666,2
0.010661683886568477,22197 | 47566,2
0.016789404264673555,22197 | 85099B,2
0.014810947460980436,22197 | 85123A,2
0.014343811826775115,22197 | DOT,2
0.013821719059133876,85123A | 22219,2
0.011458562321389316,DOT | 22219,2
0.011018905253901956,22273 | 22271,2
0.010276983952517037,22294 | 85123A,2
0.010634205319850517,22296 | 85123A,2
0.011540998021543196,85123A | 22297,2
0.010854033853594196,22301 | 22300,2
0.015552868762365356,22328 | 22326,2
0.010991426687183996,POST | 22326,2
0.02288964607606067,22355 | 22356,2
0.011540998021543196,22355 | 22382,2
0.016569575730929875,22355 | 22383,2
0.011238733787645637,22355 | 22384,2
0.010139591118927236,22355 | 22411,2
0.010524291052978677,22355 | 22423,2
0.011348648054517477,22355 | 47566,2
0.016652011431083753,22355 | 85099B,2
0.012777533523851395,22355 | 85123A,2
0.011898219388876675,22355 | DOT,2
0.010854033853594196,22382 | 22356,2
0.012722576390415475,22383 | 22356,2
0.012585183556825676,22384 | 22356,2
0.011458562321389316,22386 | 22356,2
0.010057155418773356,22423 | 22356,2
0.010194548252363156,47566 | 22356,2
0.016267311497032314,22356 | 85099B,2
0.011733347988568916,85123A | 22356,2
0.010496812486260717,DOT | 22356,2
0.011980655089030557,22367 | 47591D,2
0.017256539898878875,22379 | 22381,2
0.010826555286876236,22383 | 22379,2
0.013739283358979995,22386 | 22379,2
0.012310397889646076,22379 | 22411,2
0.020938667839085514,22379 | 85099B,2
0.010991426687183996,22379 | 85123A,2
0.014563640360518795,22379 | DOT,2
0.011623433721697076,22386 | 22381,2
0.013409540558364475,22381 | 85099B,2
0.02816553088590899,22382 | 22383,2
0.023136953176522312,22382 | 22384,2
0.010331941085952957,22382 | 22385,2
0.010249505385799077,22382 | 22386,2
0.015113211694877995,22382 | 22662,2
0.010799076720158276,22382 | 23206,2
0.014755990327544516,22382 | 85099B,2
0.012585183556825676,22382 | 85123A,2
0.02517036711365135,22383 | 22384,2
0.014233897559903275,22383 | 22386,2
0.013684326225544075,22383 | 22411,2
0.010771598153440316,22383 | 22423,2
0.013519454825236315,22383 | 22662,2
0.012337876456364036,22383 | 23206,2
0.010057155418773356,22383 | 23209,2
0.011513519454825236,22383 | 47566,2
0.020499010771598155,22383 | 85099B,2
0.010881512420312156,22383 | 85099C,2
0.011156298087491757,22383 | 85099F,2
0.015497911628929434,22383 | 85123A,2
0.016926797098263356,22386 | 22384,2
0.011101340954055837,22384 | 22411,2
0.010551769619696637,22384 | 22662,2
0.018712903934930754,22384 | 85099B,2
0.010991426687183996,85099F | 22384,2
0.014343811826775115,22384 | 85123A,2
0.017119147065289074,22386 | 22385,2
0.013986590459441636,22385 | 22411,2
0.020114310837546712,22385 | 85099B,2
0.010744119586722356,22385 | 85099C,2
0.010249505385799077,85099F | 22385,2
0.023164431743240274,22386 | 22411,2
0.010029676852055396,23199 | 22386,2
0.03918443613981095,22386 | 85099B,2
0.019674653770059353,22386 | 85099C,2
0.020856232138931632,85099F | 22386,2
0.012118047922620357,22386 | 85123A,2
0.012585183556825676,22386 | DOT,2
0.010222026819081118,22423 | 22411,2
0.03179270169267971,85099B | 22411,2
0.019647175203341395,85099C | 22411,2
0.015223125961749835,85099F | 22411,2
0.011376126621235437,85123A | 22411,2
0.012502747856671796,DOT | 22411,2
0.014288854693339195,84991 | 22417,2
0.011211255220927677,22457 | 22423,2
0.010689162453286436,22423 | 22469,2
0.012255440756210156,22423 | 22666,2
0.019812046603649155,22697 | 22423,2
0.015223125961749835,22698 | 22423,2
0.020444053638162235,22699 | 22423,2
0.017338975599032753,22423 | 47566,2
0.013134754891184876,22423 | 84879,2
0.010771598153440316,22423 | 84946,2
0.012585183556825676,22423 | 84991,2
0.015772697296109035,22423 | 85099B,2
0.020306660804572434,85123A | 22423,2
0.013024840624313036,DOT | 22423,2
0.011705869421850956,22457 | 22469,2
0.010249505385799077,22457 | 22470,2
0.012420312156517916,22457 | 85099B,2
0.018795339635084635,85123A | 22457,2
0.011156298087491757,DOT | 22457,2
0.02750604528467795,22470 | 22469,2
0.011293690921081557,85099B | 22469,2
0.020608925038469995,85123A | 22469,2
0.010579248186414597,22694 | 22470,2
0.020526489338316113,85123A | 22470,2
0.011815783688722796,22553 | 22551,2
0.017064189931853154,22554 | 22551,2
0.011595955154979116,22551 | 22555,2
0.015525390195647396,22551 | 22556,2
0.012392833589799956,22551 | 22557,2
0.012255440756210156,22554 | 22553,2
0.010881512420312156,22553 | 22557,2
0.011156298087491757,22554 | 22555,2
0.014673554627390636,22554 | 22556,2
0.011925697955594635,22554 | 22557,2
0.013244669158056716,22556 | 22555,2
0.010057155418773356,22556 | 22557,2
0.011623433721697076,22569 | 22568,2
0.012530226423389756,22570 | 22568,2
0.013491976258518355,22570 | 22569,2
0.015168168828313915,22578 | 22577,2
0.010524291052978677,22579 | 22577,2
0.012008133655748517,22578 | 22579,2
0.013189712024620796,22625 | 22624,2
0.02277973180918883,22630 | 22629,2
0.011101340954055837,22659 | 22629,2
0.011046383820619916,22630 | 22659,2
0.010359419652670917,22633 | 22632,2
0.011293690921081557,22865 | 22632,2
0.010579248186414597,22632 | 22866,2
0.012118047922620357,22865 | 22633,2
0.010716641020004396,22633 | 22866,2
0.010826555286876236,22646 | 22645,2
0.010359419652670917,22663 | 85099B,2
0.010331941085952957,22667 | 22666,2
0.010826555286876236,22720 | 22666,2
0.010771598153440316,22666 | 85099B,2
0.011266212354363597,85123A | 22666,2
0.02374148164431743,22698 | 22697,2
0.02841283798637063,22697 | 22699,2
0.011376126621235437,22697 | DOT,2
0.022312596174983514,22698 | 22699,2
0.011266212354363597,22720 | 22722,2
0.010441855352824797,22720 | 22960,2
0.010441855352824797,22727 | 22725,2
0.022972081776214553,22727 | 22726,2
0.014646076060672676,22728 | 22726,2
0.010716641020004396,22729 | 22726,2
0.012255440756210156,22726 | 22730,2
0.016322268630468234,22727 | 22728,2
0.011650912288415036,22729 | 22727,2
0.013794240492415916,22727 | 22730,2
0.012667619256979555,22746 | 22745,2
0.015305561661903715,22748 | 22745,2
0.013024840624313036,22746 | 22748,2
0.011018905253901956,22750 | 22749,2
0.013024840624313036,22804 | 85123A,2
0.017833589799956036,22865 | 22866,2
0.017119147065289074,22865 | 22867,2
0.015250604528467795,22866 | 22867,2
0.012118047922620357,22909 | 22910,2
0.014536161793800835,22909 | 22952,2
0.013656847658826115,22910 | 22952,2
0.013437019125082435,22960 | 22961,2
0.011156298087491757,23199 | 23200,2
0.010744119586722356,23199 | 23201,2
0.010002198285337436,23199 | 23202,2
0.011733347988568916,23199 | 23203,2
0.010029676852055396,23199 | 23206,2
0.015003297428006155,23199 | 85099B,2
0.010167069685645196,23200 | 23203,2
0.010167069685645196,23203 | 23201,2
0.011376126621235437,23201 | 85099B,2
0.014178940426467355,23203 | 23202,2
0.011678390855132996,23202 | 85099B,2
0.013849197625851836,23203 | 23209,2
0.015855132996262913,23203 | 85099B,2
0.010249505385799077,23206 | 23207,2
0.012118047922620357,23206 | 23209,2
0.013272147724774676,23298 | 47566,2
0.015003297428006155,23300 | 23301,2
0.010689162453286436,47566B | 47566,2
0.010057155418773356,84991 | 47566,2
0.015223125961749835,47566 | 85099B,2
0.018822818201802594,85123A | 47566,2
0.013437019125082435,DOT | 47566,2
0.012310397889646076,47590A | 47590B,2
0.011348648054517477,48138 | 85123A,2
0.010112112552209276,85123A | 48194,2
0.013134754891184876,82482 | 82483,2
0.012750054957133435,82486 | 82482,2
0.02962189492196087,82494L | 82482,2
0.011733347988568916,82482 | 85099B,2
0.021845460540778194,85123A | 82482,2
0.016954275664981314,82486 | 82483,2
0.013162233457902836,82494L | 82483,2
0.012530226423389756,85123A | 82483,2
0.010661683886568477,85123A | 82484,2
0.013794240492415916,82486 | 82494L,2
0.013107276324466916,82486 | 85123A,2
0.02203781050780391,82494L | 85123A,2
0.014014069026159596,82580 | 82578,2
0.011073862387337876,82581 | 82578,2
0.018190811167289513,82580 | 82581,2
0.010386898219388877,82580 | 85099B,2
0.012969883490877116,82580 | 85123A,2
0.011101340954055837,82580 | DOT,2
0.011678390855132996,82600 | 85152,2
0.010304462519234997,84032B | 84032A,2
0.014508683227082875,84380 | 84378,2
0.010469333919542757,84378 | 85123A,2
0.010057155418773356,85123A | 84406B,2
0.012557704990107716,84596B | 84596F,2
0.010167069685645196,85123A | 84755,2
0.016184875796878436,85123A | 84836,2
0.020553967905034075,85123A | 84879,2
0.011403605187953397,84946 | 85099B,2
0.014673554627390636,85123A | 84946,2
0.011870740822158716,DOT | 84946,2
0.017641239832930315,84970L | 84970S,2
0.011760826555286876,84970L | 85123A,2
0.015387997362057594,85123A | 84970S,2
0.014151461859749396,85123A | 84978,2
0.011101340954055837,84987 | 84991,2
0.010496812486260717,DOT | 84988,2
0.020114310837546712,84991 | 84992,2
0.013024840624313036,84991 | 85099B,2
0.016074961530006596,85123A | 84991,2
0.011788305122004836,85123A | 84992,2
0.011540998021543196,84997A | 84997B,2
0.010963948120466036,84997D | 84997A,2
0.015745218729391074,84997C | 84997B,2
0.014755990327544516,84997D | 84997B,2
0.017888546933391956,84997D | 84997C,2
0.011293690921081557,85014A | 85014B,2
0.03039129479006375,85099C | 85099B,2
0.03253462299406463,85099F | 85099B,2
0.023878874477907232,85123A | 85099B,2
0.019207518135854033,DOT | 85099B,2
0.017119147065289074,85099F | 85099C,2
0.011376126621235437,85123A | 85099C,2
0.010304462519234997,DOT | 85099C,2
0.013024840624313036,85099F | 85123A,2
0.012667619256979555,85123A | 85152,2
0.011953176522312595,DOT | 85123A,2
0.011128819520773797,20711 | 21931 | 85099B,3
0.010194548252363156,22386 | 20711 | 85099B,3
0.010112112552209276,22386 | 20712 | 21931,3
0.010194548252363156,20712 | 21931 | 22411,3
0.013464497691800395,20712 | 21931 | 85099B,3
0.012832490657287315,22386 | 20712 | 85099B,3
0.010799076720158276,20712 | 85099B | 22411,3
0.012722576390415475,20713 | 21931 | 85099B,3
0.015168168828313915,20719 | 20724 | 20723,3
0.013904154759287756,22355 | 20719 | 20723,3
0.012859969224005277,20719 | 20723 | 22356,3
0.011018905253901956,20719 | 20724 | 20725,3
0.010799076720158276,20719 | 20724 | 21212,3
0.016597054297647833,22355 | 20719 | 20724,3
0.016761925697955593,20719 | 20724 | 22356,3
0.010359419652670917,20719 | 20724 | 85099B,3
0.010139591118927236,22355 | 20719 | 21212,3
0.014701033194108596,22355 | 20719 | 22356,3
0.011486040888107276,20724 | 20725 | 20723,3
0.010002198285337436,20724 | 20723 | 21212,3
0.015882611562980875,22355 | 20724 | 20723,3
0.017009232798417234,20724 | 20723 | 22356,3
0.010386898219388877,20724 | 20723 | 85099B,3
0.013766761925697956,22355 | 20723 | 22356,3
0.012695097823697515,22355 | 20724 | 20725,3
0.013327104858210596,20724 | 20725 | 22356,3
0.010167069685645196,20724 | 20725 | 85099B,3
0.010551769619696637,22355 | 20727 | 20724,3
0.010716641020004396,20727 | 20724 | 22356,3
0.011238733787645637,22355 | 20724 | 21212,3
0.012310397889646076,20724 | 21212 | 22356,3
0.010469333919542757,22355 | 21931 | 20724,3
0.017751154099802154,22355 | 20724 | 22356,3
0.010771598153440316,22355 | 22383 | 20724,3
0.010799076720158276,22355 | 20724 | 85099B,3
0.012557704990107716,22356 | 20724 | 85099B,3
0.014865904594416356,20727 | 20726 | 20725,3
0.014618597493954714,20726 | 20725 | 20728,3
0.014426247526928995,22382 | 20726 | 20725,3
0.015580347329083316,22383 | 20726 | 20725,3
0.014975818861288195,20726 | 20725 | 22384,3
0.010359419652670917,20726 | 20725 | 85099B,3
0.015250604528467795,20727 | 20725 | 20728,3
0.015278083095185755,20727 | 22382 | 20725,3
0.016624532864365795,20727 | 22383 | 20725,3
0.017284018465596834,20727 | 22384 | 20725,3
0.011486040888107276,20727 | 20725 | 85099B,3
0.013601890525390195,22382 | 20725 | 20728,3
0.015937568696416795,22383 | 20725 | 20728,3
0.015745218729391074,22384 | 20725 | 20728,3
0.010441855352824797,20725 | 20728 | 85099B,3
0.010826555286876236,22383 | 21931 | 20725,3
0.012695097823697515,21931 | 20725 | 85099B,3
0.010606726753132557,22355 | 20725 | 22356,3
0.016157397230160474,22383 | 22382 | 20725,3
0.014536161793800835,22382 | 22384 | 20725,3
0.016844361398109475,22383 | 22384 | 20725,3
0.012145526489338317,22383 | 20725 | 85099B,3
0.010194548252363156,22386 | 22384 | 20725,3
0.012090569355902397,22384 | 20725 | 85099B,3
0.012447790723235876,22386 | 20725 | 85099B,3
0.010716641020004396,85099F | 20725 | 85099B,3
0.012914926357441197,20727 | 20726 | 20728,3
0.012392833589799956,20727 | 22382 | 20726,3
0.012777533523851395,20727 | 22383 | 20726,3
0.012447790723235876,20727 | 20726 | 22384,3
0.012200483622774237,22382 | 20726 | 20728,3
0.012475269289953836,22383 | 20726 | 20728,3
0.012008133655748517,20726 | 20728 | 22384,3
0.012969883490877116,22382 | 20726 | 22383,3
0.011898219388876675,22382 | 20726 | 22384,3
0.012227962189492196,22383 | 20726 | 22384,3
0.012475269289953836,20727 | 22382 | 20728,3
0.014123983293031436,20727 | 22383 | 20728,3
0.014014069026159596,20727 | 22384 | 20728,3
0.014673554627390636,20727 | 22382 | 22383,3
0.013244669158056716,20727 | 22382 | 22384,3
0.014123983293031436,20727 | 22383 | 22384,3
0.014563640360518795,22382 | 22383 | 20728,3
0.012750054957133435,22382 | 22384 | 20728,3
0.013409540558364475,22383 | 22384 | 20728,3
0.013327104858210596,21094 | 21086 | 21080,3
0.010441855352824797,21213 | 21977 | 21212,3
0.012695097823697515,21213 | 84991 | 21212,3
0.011156298087491757,21975 | 21977 | 21212,3
0.012750054957133435,21975 | 84991 | 21212,3
0.016871839964827436,21977 | 84991 | 21212,3
0.012063090789184437,21977 | 84992 | 21212,3
0.010029676852055396,22355 | 21212 | 22356,3
0.013821719059133876,84991 | 84992 | 21212,3
0.010002198285337436,85123A | 84991 | 21212,3
0.010771598153440316,21231 | 21232 | 85123A,3
0.010194548252363156,21238 | 21239 | 21240,3
0.010139591118927236,22386 | 21928 | 21929,3
0.010716641020004396,21928 | 21929 | 22411,3
0.013437019125082435,21928 | 21929 | 85099B,3
0.011128819520773797,21928 | 21931 | 22411,3
0.012942404924159157,21928 | 21931 | 85099B,3
0.010716641020004396,22386 | 21928 | 22411,3
0.013656847658826115,22386 | 21928 | 85099B,3
0.013272147724774676,21928 | 85099B | 22411,3
0.011623433721697076,21928 | 85099C | 85099B,3
0.010579248186414597,85099F | 21928 | 85099B,3
0.010359419652670917,21929 | 21931 | 22411,3
0.012282919322928116,21929 | 21931 | 85099B,3
0.010276983952517037,22386 | 21929 | 22411,3
0.012777533523851395,22386 | 21929 | 85099B,3
0.012365355023081996,21929 | 85099B | 22411,3
0.011238733787645637,85099F | 21929 | 85099B,3
0.012255440756210156,21930 | 21931 | 85099B,3
0.011623433721697076,21930 | 22386 | 85099B,3
0.011293690921081557,22383 | 21931 | 85099B,3
0.011843262255440756,21931 | 22385 | 85099B,3
0.014178940426467355,22386 | 21931 | 22411,3
0.018630468234776876,22386 | 21931 | 85099B,3
0.011101340954055837,22386 | 21931 | 85099C,3
0.010634205319850517,22386 | 21931 | 85099F,3
0.017119147065289074,21931 | 85099B | 22411,3
0.011403605187953397,85099C | 21931 | 22411,3
0.015525390195647396,85099C | 21931 | 85099B,3
0.015058254561442075,85099F | 21931 | 85099B,3
0.010936469553748076,DOT | 21931 | 85099B,3
0.010524291052978677,21975 | 21977 | 84991,3
0.011925697955594635,21977 | 84991 | 84992,3
0.010716641020004396,22386 | 22379 | 85099B,3
0.013107276324466916,22382 | 22384 | 22383,3
0.011348648054517477,22386 | 22384 | 85099B,3
0.012420312156517916,22386 | 22385 | 85099B,3
0.017146625632007036,22386 | 85099B | 22411,3
0.010963948120466036,22386 | 85099C | 22411,3
0.015058254561442075,22386 | 85099C | 85099B,3
0.015937568696416795,85099F | 22386 | 85099B,3
0.013684326225544075,85099C | 85099B | 22411,3
0.010799076720158276,85099F | 85099B | 22411,3
0.013601890525390195,22698 | 22697 | 22423,3
0.015882611562980875,22697 | 22699 | 22423,3
0.012887447790723237,22698 | 22699 | 22423,3
0.011348648054517477,85123A | 22470 | 22469,3
0.020196746537700594,22698 | 22697 | 22699,3
0.010991426687183996,22726 | 22727 | 22728,3
0.011238733787645637,22746 | 22748 | 22745,3
0.010854033853594196,22865 | 22866 | 22867,3
0.010084633985491316,82494L | 82482 | 82483,3
0.013409540558364475,85123A | 82482 | 82494L,3
0.010963948120466036,84997D | 84997C | 84997B,3
0.012997362057595076,85099F | 85099C | 85099B,3
0.011788305122004836,22355 | 20719 | 20724 | 20723,4
0.011623433721697076,20719 | 20724 | 20723 | 22356,4
0.010441855352824797,22355 | 20719 | 20723 | 22356,4
0.012475269289953836,22355 | 20719 | 20724 | 22356,4
0.012227962189492196,22355 | 20724 | 20723 | 22356,4
0.010112112552209276,20727 | 22384 | 20725 | 20728,4
0.010606726753132557,20727 | 22383 | 22384 | 20725,4
0.010112112552209276,22383 | 22384 | 20725 | 20728,4
0.011513519454825236,22386 | 21931 | 85099B | 22411,4
0.011843262255440756,22697 | 22699 | 22698 | 22423,4
